Система,Назначение,Владелец,Способ доступа,Срок выдачи
ACME ID,Единая учётная запись и MFA,IT Security,Автоматически после активации HR,До 4 часов
CorpMail,Корпоративная почта,IT Operations,Автоматически через ACME ID,До 4 часов
Connect,Корпоративный мессенджер,Internal Communications,Автоматически через ACME ID,До 4 часов
Service Desk,Заявки на оборудование и доступы,IT Operations,Автоматически через ACME ID,До 4 часов
HR Portal,Кадровые документы и адаптация,People Operations,Автоматически через ACME ID,До 4 часов
CRM,Клиенты сделки и прогноз,Sales Operations,Руководитель и Sales Operations,2 рабочих дня
GitLab,Исходный код и CI/CD,Engineering Platform,Руководитель и владелец репозитория,1 рабочий день
BI,Отчётность и метрики,Data Office,Руководитель и владелец данных,3 рабочих дня
Corporate VPN,Защищённый удалённый доступ,IT Security,После обучения по безопасности,1 рабочий день
